{
    "settings": {
      "fast_serial": {
        "name": "Fast Serial",
        "widget": "checkbox"
      },
      "cache_serial": {
        "name": "Cache Responses",
        "widget": "checkbox"
      },
      "compress_osd": {
        "name": "Compress OSD",
        "widget": "checkbox"
      },
      "osd_update_rate_hz": {
        "name": "OSD update rate",
        "widget": "range",
        "min": 2,
        "max": 20,
        "step":1
      },
      "disable_betaflight_hd": {
        "name": "Compress OSD",
        "widget": "checkbox"
      }
    },
    "units": [
      "msp-osd-airside"
    ]
  }