{
    "compress_osd": {
        "ui:help": "Enable sending full frames of compressed data. Disable to send raw MSP data  - we strongly recommend leaving this on. [Read more](https://github.com/fpv-wtf/msp-osd#Compressed-Transmission)"
    },
    "osd_update_rate_hz": {
        "ui:help": "Configure the update rate in hz for the OSD when using compressed transmission (default 10)"
    },
    "disable_betaflight_hd": {
        "ui:help": "Disable HD Mode, which is otherwise set by default if configured in Betaflight 4.4"
    },
    "fast_serial": {
        "ui:help": "Change serial baud rate to 240400 baud, which can improve OSD performance in some situations - FC UART config must be changed to match."
    },
    "cache_serial": {
        "ui:help": "Cache unimportant MSP messages for seldom-used features (like PID tuning in the DJI Goggles Settings Menu) to reduce serial pressure"
    }
}